feature_map_family,ansatz_family,num_qubits,depth,topology,noise_condition,expressibility_kl_mean,meyer_wallach_mean,gradient_variance_mean,expressibility_kl_std,meyer_wallach_std,gradient_variance_std
cx_ry,real_amplitudes,4,1,circular,noiseless,0.6150336753319651,0.6419421819397162,0.1622428382270309,0.10036668968568487,0.013418612251534394,0.049492316789436296
cx_ry,real_amplitudes,4,1,circular,noisy,0.6137823572343895,0.6945777194255962,0.12267702328686156,0.361354611025189,0.025256715961201305,0.04660429749259785
cx_ry,real_amplitudes,4,1,full,noiseless,0.6150336753319651,0.45814130811065795,0.16536370983635154,0.10036668968568487,0.014684499797790625,0.08630712917801364
cx_ry,real_amplitudes,4,1,full,noisy,0.8389053007610178,0.5341323272882534,0.09475805315255226,0.3892682402375688,0.024845103294116315,0.061091836329790206
cx_ry,real_amplitudes,4,1,linear,noiseless,0.6150336753319651,0.45295387093984785,0.26611717275528946,0.10036668968568487,0.016103026333001716,0.07067742503784706
cx_ry,real_amplitudes,4,1,linear,noisy,0.6209846781003873,0.47583371643920797,0.25138409777982795,0.2933268635294928,0.02987800867170992,0.08155566761562104
cx_ry,real_amplitudes,4,2,circular,noiseless,0.356979647454908,0.79387407349938,0.03205108891949231,0.04179169784203621,0.014051667185923107,0.010399928922303495
cx_ry,real_amplitudes,4,2,circular,noisy,2.2854515871240517,0.8735084288233532,0.01406664919021445,0.2487560153557528,0.016775431808507036,0.008901320337681767
cx_ry,real_amplitudes,4,2,full,noiseless,0.5847420846235927,0.5332167797051464,0.09956466598886576,0.06717278006522871,0.011631399967265879,0.03306607258215201
cx_ry,real_amplitudes,4,2,full,noisy,4.106149418281214,0.7328032430121182,0.02877845600848531,0.32488103354007,0.019512305750084544,0.017235484456485237
cx_ry,real_amplitudes,4,2,linear,noiseless,0.5633747555090013,0.5483690567351627,0.13322325642429972,0.09840413008198703,0.01554023962524743,0.045944972848784967
cx_ry,real_amplitudes,4,2,linear,noisy,0.8580900313113812,0.5826717304904648,0.10078551765029209,0.4526833486282026,0.02476194654195757,0.041817171999849974
cx_ry,real_amplitudes,4,4,circular,noiseless,0.18842679428159465,0.7814925515046773,0.05607011690905798,0.03346781242440371,0.012856645646796123,0.0063928774022030885
cx_ry,real_amplitudes,4,4,circular,noisy,7.992484740149661,0.9295444653889519,0.005764102451144859,0.18340751208360728,0.008788117501915157,0.0014821721364593528
cx_ry,real_amplitudes,4,4,full,noiseless,0.29322118605734204,0.6187876352359092,0.06886535252486282,0.048757633883835715,0.015426714702110144,0.009226091223565847
cx_ry,real_amplitudes,4,4,full,noisy,10.791614475144115,0.8867102526766042,0.00217375438182034,0.3877554931553073,0.009794971453117671,0.0005082960239135973
cx_ry,real_amplitudes,4,4,linear,noiseless,0.29095569488095013,0.6323594811412556,0.06795655871357772,0.04516389023950162,0.013564926850276673,0.015331359450852032
cx_ry,real_amplitudes,4,4,linear,noisy,1.3894009161155385,0.6852771923030806,0.04880126938293064,0.2314546820136775,0.027711616821285923,0.019324707707827245
cx_ry,real_amplitudes,4,8,circular,noiseless,0.12817788056377677,0.7661622765715597,0.058507538281312145,0.033866614330617745,0.010859894334100083,0.007379261161345073
cx_ry,real_amplitudes,4,8,circular,noisy,18.83756560531766,0.9740796802913729,0.00042789222005734,0.17971753406940616,0.003279867050415101,9.396266206530345e-05
cx_ry,real_amplitudes,4,8,full,noiseless,0.1998453536328255,0.660954279719926,0.05863094563988933,0.058138851248096965,0.01542633115018209,0.009201500099034835
cx_ry,real_amplitudes,4,8,full,noisy,26.198113225314557,0.9726605068765213,0.00011518850305133892,0.2275539064021566,0.0016173818048952093,3.675756081109308e-05
cx_ry,real_amplitudes,4,8,linear,noiseless,0.23119090753173435,0.6751830111090801,0.05786898544000446,0.03760107256121447,0.01082562355875035,0.007063396219075184
cx_ry,real_amplitudes,4,8,linear,noisy,3.1340312250623397,0.7797818802594232,0.02135483257696518,0.16231517391604425,0.011204779369855328,0.004666821686440117
cx_ry,real_amplitudes,8,1,circular,noiseless,0.3695016378563192,0.7038084568258446,0.1299258534705276,0.15684894165430838,0.008583460461333264,0.05295278375950699
cx_ry,real_amplitudes,8,1,circular,noisy,46.239858631495224,0.8960192042471518,0.04882342756239283,7.885741779726675,0.015935705608483237,0.044295105306638945
cx_ry,real_amplitudes,8,1,full,noiseless,0.3695016378563192,0.5948035850490513,0.1111016274282075,0.15684894165430838,0.009775446570331888,0.08551631617971865
cx_ry,real_amplitudes,8,1,full,noisy,inf,0.999991962177219,2.370344652485518e-16,,6.291255688203555e-07,5.019670085172154e-17
cx_ry,real_amplitudes,8,1,linear,noiseless,0.3695016378563192,0.5948491586851417,0.2724711322704617,0.15684894165430838,0.009694544672774785,0.06059412170890818
cx_ry,real_amplitudes,8,1,linear,noisy,11.047639763048926,0.7385919365943373,0.25007356589478597,3.528547881930406,0.025098770580435383,0.07288085073529395
cx_ry,real_amplitudes,8,2,circular,noiseless,0.3109851825909695,0.884120691383304,0.00496906780798959,0.11479021661007505,0.006093403271336917,0.0029333933613705987
cx_ry,real_amplitudes,8,2,circular,noisy,96.18401315827205,0.9557201408908244,1.112309185496501e-19,7.622755915401993,0.007735923265310972,1.2125674967489165e-19
cx_ry,real_amplitudes,8,2,full,noiseless,0.6880243230378253,0.6333097111772003,0.044188753709236486,0.13470980967732307,0.005880440171911984,0.04296157955172106
cx_ry,real_amplitudes,8,2,full,noisy,inf,0.9999896276412066,1.021937381762444e-34,,1.0788902125531044e-07,4.0626678920292296e-35
cx_ry,real_amplitudes,8,2,linear,noiseless,0.5679304139264235,0.7212119186135527,0.13411941276320685,0.1980267106335663,0.011023480947493666,0.04302025829980791
cx_ry,real_amplitudes,8,2,linear,noisy,34.3113754380549,0.8029898204935575,0.10232752100485407,7.009662867878689,0.023508322447015208,0.03668285335996399
cx_ry,real_amplitudes,8,4,circular,noiseless,0.02396200333039068,0.9555731228089874,0.00385925869523438,0.017213037835124376,0.002894452042680812,0.0003620430991705782
cx_ry,real_amplitudes,8,4,circular,noisy,inf,0.9959343139455974,7.885535445141456e-13,,0.0008562164629853817,1.5944015308548123e-12
cx_ry,real_amplitudes,8,4,full,noiseless,0.13152999104970137,0.7990056004506866,0.013068088803943539,0.04481213817360044,0.007824804313702126,0.012020560692077221
cx_ry,real_amplitudes,8,4,full,noisy,inf,0.9999897474660606,1.1269513450875039e-34,,1.3735785136575885e-07,3.6081181860590893e-35
cx_ry,real_amplitudes,8,4,linear,noiseless,0.14429654720394294,0.8332386324321227,0.03321628059758448,0.038024749561185366,0.007811305592276681,0.014597586121260508
cx_ry,real_amplitudes,8,4,linear,noisy,140.56681011247645,0.8929857925936874,0.02656294892076702,11.185485244482612,0.017485645687174964,0.02158251576200001
cx_ry,real_amplitudes,8,8,circular,noiseless,0.017065660061635,0.9796912449880424,0.00410581622191983,0.007131021235058119,0.0013779781301302206,0.0003072541045613165
cx_ry,real_amplitudes,8,8,circular,noisy,inf,0.9999566210977505,4.9182352763554174e-27,,2.7774309543301634e-05,6.123003916199674e-27
cx_ry,real_amplitudes,8,8,full,noiseless,0.03984429938069311,0.9189691771480943,0.004113375602326641,0.016090524230997216,0.004932422097913176,0.0006774670960566985
cx_ry,real_amplitudes,8,8,full,noisy,inf,0.999990783884604,1.3037743252691425e-34,,1.5878533082466896e-07,2.515376893822943e-35
cx_ry,real_amplitudes,8,8,linear,noiseless,0.05187168456811024,0.9280850147969162,0.00469528330375169,0.013433577087926111,0.0051286220542514395,0.0007434251613674681
cx_ry,real_amplitudes,8,8,linear,noisy,inf,0.9633127634498214,0.00041758571112390205,,0.009171437411854782,0.0007291505505086295
cx_ry,real_amplitudes,10,1,circular,noiseless,0.5364451716914705,0.7152633967425956,0.13211673062294976,0.41043982719320393,0.007553149440031258,0.03758310673791338
cx_ry,real_amplitudes,10,1,circular,noisy,inf,0.919279011463906,1.1066013308394793e-24,,0.010294639051164471,1.336225705514107e-24
cx_ry,real_amplitudes,10,1,full,noiseless,0.5364451716914705,0.6290235916742484,0.10503101167496473,0.41043982719320393,0.00744312065284913,0.08539821434584727
cx_ry,real_amplitudes,10,1,full,noisy,inf,0.9999921229745168,2.3530073613209664e-21,,5.467047960478526e-07,2.7125808671674108e-21
cx_ry,real_amplitudes,10,1,linear,noiseless,0.5364451716914705,0.6292874343914842,0.26367896159044363,0.41043982719320393,0.009095210364815606,0.060882354790988254
cx_ry,real_amplitudes,10,1,linear,noisy,inf,0.7886810079031832,0.23862384043795362,,0.013424144748146686,0.06804370896824936
cx_ry,real_amplitudes,10,2,circular,noiseless,0.3222220767225368,0.8905031595136915,0.00367310813495592,0.19164870911701926,0.00561503282531936,0.002757267190688352
cx_ry,real_amplitudes,10,2,circular,noisy,inf,0.9784186969350808,1.4680208089407687e-34,,0.002551080980802844,5.889665872046897e-35
cx_ry,real_amplitudes,10,2,full,noiseless,0.5278090869934485,0.6525030182351393,0.04131612313721087,0.27810664548528546,0.005913214657045519,0.04762308543538529
cx_ry,real_amplitudes,10,2,full,noisy,inf,0.9999933071556104,6.531751759167444e-26,,5.737539883840744e-11,2.2915356594024926e-26
cx_ry,real_amplitudes,10,2,linear,noiseless,0.4643475316514557,0.7592500296408671,0.134928782870881,0.25511933952310867,0.00479717214251006,0.04467351198291499
cx_ry,real_amplitudes,10,2,linear,noisy,inf,0.8550455253500602,0.1081216687532978,,0.010906649455323091,0.03772516579389079
cx_ry,real_amplitudes,10,4,circular,noiseless,0.008186556499668145,0.9661525800332808,0.00119503833974757,0.013181606869361592,0.0019904570549222293,0.00026467876738446344
cx_ry,real_amplitudes,10,4,circular,noisy,inf,0.9956799909349984,1.0184580638097821e-05,,0.0010204775182881284,1.3122341639868513e-05
cx_ry,real_amplitudes,10,4,full,noiseless,0.03615191937968778,0.8280537836958007,0.00705526671723167,0.03950411826504282,0.004962704438531298,0.008175672413714419
cx_ry,real_amplitudes,10,4,full,noisy,inf,0.9999934635635777,1.5478765156433212e-34,,4.326357248092973e-10,4.928383635235355e-35
cx_ry,real_amplitudes,10,4,linear,noiseless,0.05836563764408427,0.8641010150357398,0.03225036804388509,0.07525790620615538,0.004484657188459071,0.013459790806510465
cx_ry,real_amplitudes,10,4,linear,noisy,inf,0.9195275782691045,0.02068654423897105,,0.00925995145868428,0.01324637329456677
cx_ry,real_amplitudes,10,8,circular,noiseless,8.740648201398856e-10,0.993107552275673,0.00092858635757565,0.0,0.00037463750777053724,8.257572333764078e-05
cx_ry,real_amplitudes,10,8,circular,noisy,inf,0.9999776769232384,5.15250316742005e-14,,1.2145056739260517e-05,1.3467603734481864e-13
cx_ry,real_amplitudes,10,8,full,noiseless,0.008186556499668145,0.9421567378355636,0.0013169695216934002,0.013181606869361592,0.002704631274276006,0.0007624504122408879
cx_ry,real_amplitudes,10,8,full,noisy,inf,0.9999934634204994,1.1298751260642073e-34,,5.361692941009905e-10,2.06034351177833e-35
cx_ry,real_amplitudes,10,8,linear,noiseless,0.0027288527492659283,0.9502887818607306,0.00197946199432695,0.008629387322857052,0.002820612118673097,0.0005259456678282239
cx_ry,real_amplitudes,10,8,linear,noisy,inf,0.9741311259966118,0.0002660838066146354,,0.005940962479544286,0.00045248808880367727
cx_ry,rotation_only,4,1,circular,noiseless,0.6150336753319651,0.6419421819397162,0.14829871204158634,0.10036668968568487,0.013418612251534394,0.1290736053749609
cx_ry,rotation_only,4,1,circular,noisy,0.6137823572343895,0.6945777194255962,1.5981838130126253e-33,0.361354611025189,0.025256715961201305,6.260931224149643e-34
cx_ry,rotation_only,4,1,full,noiseless,0.6150336753319651,0.45814130811065795,0.2149769202088576,0.10036668968568487,0.014684499797790625,0.1742568393656249
cx_ry,rotation_only,4,1,full,noisy,0.8389053007610178,0.5341323272882534,2.561741357545853e-07,0.3892682402375688,0.024845103294116315,1.0373747175647088e-07
cx_ry,rotation_only,4,1,linear,noiseless,0.6150336753319651,0.45295387093984785,0.3011044759171304,0.10036668968568487,0.016103026333001716,0.19452557630200112
cx_ry,rotation_only,4,1,linear,noisy,0.6209846781003873,0.47583371643920797,0.2989495633485016,0.2933268635294928,0.02987800867170992,0.19982112345343872
cx_ry,rotation_only,4,2,circular,noiseless,0.356979647454908,0.79387407349938,0.05470104870029256,0.04179169784203621,0.014051667185923107,0.039640512595146025
cx_ry,rotation_only,4,2,circular,noisy,2.2854515871240517,0.8735084288233532,1.020384433563363e-33,0.2487560153557528,0.016775431808507036,3.2587527027258167e-34
cx_ry,rotation_only,4,2,full,noiseless,0.5847420846235927,0.5332167797051464,0.17243575455760413,0.06717278006522871,0.011631399967265879,0.16924713336716898
cx_ry,rotation_only,4,2,full,noisy,4.106149418281214,0.7328032430121182,0.09913032141549102,0.32488103354007,0.019512305750084544,0.09462712999053267
cx_ry,rotation_only,4,2,linear,noiseless,0.5633747555090013,0.5483690567351627,0.2736864906568328,0.09840413008198703,0.01554023962524743,0.18261478415777246
cx_ry,rotation_only,4,2,linear,noisy,0.8580900313113812,0.5826717304904648,0.24313112786503183,0.4526833486282026,0.02476194654195757,0.16677454032306493
cx_ry,rotation_only,4,4,circular,noiseless,0.18842679428159465,0.7814925515046773,0.04227214713139922,0.03346781242440371,0.012856645646796123,0.03833539753942227
cx_ry,rotation_only,4,4,circular,noisy,7.992484740149661,0.9295444653889519,6.476996024568793e-34,0.18340751208360728,0.008788117501915157,1.764832386739606e-34
cx_ry,rotation_only,4,4,full,noiseless,0.29322118605734204,0.6187876352359092,0.21752720839162434,0.048757633883835715,0.015426714702110144,0.1583974955783669
cx_ry,rotation_only,4,4,full,noisy,10.791614475144115,0.8867102526766042,0.06516788560594354,0.3877554931553073,0.009794971453117671,0.05890331715554831
cx_ry,rotation_only,4,4,linear,noiseless,0.29095569488095013,0.6323594811412556,0.18683757187993577,0.04516389023950162,0.013564926850276673,0.17426199527745487
cx_ry,rotation_only,4,4,linear,noisy,1.3894009161155385,0.6852771923030806,0.1641531818258593,0.2314546820136775,0.027711616821285923,0.1607632012388852
cx_ry,rotation_only,4,8,circular,noiseless,0.12817788056377677,0.7661622765715597,0.09332584322381085,0.033866614330617745,0.010859894334100083,0.09380906067389971
cx_ry,rotation_only,4,8,circular,noisy,18.83756560531766,0.9740796802913729,6.066470682409151e-33,0.17971753406940616,0.003279867050415101,2.5805260577174108e-33
cx_ry,rotation_only,4,8,full,noiseless,0.1998453536328255,0.660954279719926,0.14883371561730913,0.058138851248096965,0.01542633115018209,0.08441327355862252
cx_ry,rotation_only,4,8,full,noisy,26.198113225314557,0.9726605068765213,6.69461091526295e-11,0.2275539064021566,0.0016173818048952093,6.56424480921306e-11
cx_ry,rotation_only,4,8,linear,noiseless,0.23119090753173435,0.6751830111090801,0.17213696898851077,0.03760107256121447,0.01082562355875035,0.1417497152846726
cx_ry,rotation_only,4,8,linear,noisy,3.1340312250623397,0.7797818802594232,0.1336957400620158,0.16231517391604425,0.011204779369855328,0.12811440793561452
cx_ry,rotation_only,8,1,circular,noiseless,0.3695016378563192,0.7038084568258446,0.08937931299374367,0.15684894165430838,0.008583460461333264,0.11610145838622571
cx_ry,rotation_only,8,1,circular,noisy,46.239858631495224,0.8960192042471518,2.153990565636032e-33,7.885741779726675,0.015935705608483237,1.5618676705812276e-33
cx_ry,rotation_only,8,1,full,noiseless,0.3695016378563192,0.5948035850490513,0.20532610405306437,0.15684894165430838,0.009775446570331888,0.1669298399116429
cx_ry,rotation_only,8,1,full,noisy,inf,0.999991962177219,3.1041641397393525e-06,,6.291255688203555e-07,1.0146538020524285e-06
cx_ry,rotation_only,8,1,linear,noiseless,0.3695016378563192,0.5948491586851417,0.2885171688168358,0.15684894165430838,0.009694544672774785,0.1738419974332753
cx_ry,rotation_only,8,1,linear,noisy,11.047639763048926,0.7385919365943373,0.234347370487076,3.528547881930406,0.025098770580435383,0.14517772089197864
cx_ry,rotation_only,8,2,circular,noiseless,0.3109851825909695,0.884120691383304,0.02405795558401121,0.11479021661007505,0.006093403271336917,0.023284553196363654
cx_ry,rotation_only,8,2,circular,noisy,96.18401315827205,0.9557201408908244,0.01648089434711465,7.622755915401993,0.007735923265310972,0.01831355203224521
cx_ry,rotation_only,8,2,full,noiseless,0.6880243230378253,0.6333097111772003,0.14094975844726418,0.13470980967732307,0.005880440171911984,0.17557744573861822
cx_ry,rotation_only,8,2,full,noisy,inf,0.9999896276412066,5.210534311728211e-06,,1.0788902125531044e-07,4.120915386333218e-06
cx_ry,rotation_only,8,2,linear,noiseless,0.5679304139264235,0.7212119186135527,0.2745025888739413,0.1980267106335663,0.011023480947493666,0.1833890260765088
cx_ry,rotation_only,8,2,linear,noisy,34.3113754380549,0.8029898204935575,0.2555311137123388,7.009662867878689,0.023508322447015208,0.18284061949022826
cx_ry,rotation_only,8,4,circular,noiseless,0.02396200333039068,0.9555731228089874,0.0030975439171762494,0.017213037835124376,0.002894452042680812,0.0032830853667871907
cx_ry,rotation_only,8,4,circular,noisy,inf,0.9959343139455974,7.677234061278149e-35,,0.0008562164629853817,7.40652951081313e-35
cx_ry,rotation_only,8,4,full,noiseless,0.13152999104970137,0.7990056004506866,0.11177551347325727,0.04481213817360044,0.007824804313702126,0.16699857105336943
cx_ry,rotation_only,8,4,full,noisy,inf,0.9999897474660606,2.2923099044424876e-34,,1.3735785136575885e-07,7.159399006392872e-35
cx_ry,rotation_only,8,4,linear,noiseless,0.14429654720394294,0.8332386324321227,0.2053778799692009,0.038024749561185366,0.007811305592276681,0.17388238216461077
cx_ry,rotation_only,8,4,linear,noisy,140.56681011247645,0.8929857925936874,0.16153357974683502,11.185485244482612,0.017485645687174964,0.14415845976915354
cx_ry,rotation_only,8,8,circular,noiseless,0.017065660061635,0.9796912449880424,0.01073971659083804,0.007131021235058119,0.0013779781301302206,0.009092961844926572
cx_ry,rotation_only,8,8,circular,noisy,inf,0.9999566210977505,2.2623741906183202e-35,,2.7774309543301634e-05,6.67579093498153e-36
cx_ry,rotation_only,8,8,full,noiseless,0.03984429938069311,0.9189691771480943,0.07397447640836974,0.016090524230997216,0.004932422097913176,0.1310164962048486
cx_ry,rotation_only,8,8,full,noisy,inf,0.999990783884604,2.069690291283133e-34,,1.5878533082466896e-07,2.7794071211663257e-35
cx_ry,rotation_only,8,8,linear,noiseless,0.05187168456811024,0.9280850147969162,0.10177972617992528,0.013433577087926111,0.0051286220542514395,0.1522100171204909
cx_ry,rotation_only,8,8,linear,noisy,inf,0.9633127634498214,0.07050262064973245,,0.009171437411854782,0.11911176943832374
cx_ry,rotation_only,10,1,circular,noiseless,0.5364451716914705,0.7152633967425956,0.08051171103247248,0.41043982719320393,0.007553149440031258,0.11545927064249742
cx_ry,rotation_only,10,1,circular,noisy,inf,0.919279011463906,5.543701010436509e-33,,0.010294639051164471,8.775475852163986e-33
cx_ry,rotation_only,10,1,full,noiseless,0.5364451716914705,0.6290235916742484,0.20594939877210697,0.41043982719320393,0.00744312065284913,0.17057982873279565
cx_ry,rotation_only,10,1,full,noisy,inf,0.9999921229745168,6.786186098966924e-06,,5.467047960478526e-07,2.073303532045157e-06
cx_ry,rotation_only,10,1,linear,noiseless,0.5364451716914705,0.6292874343914842,0.2870104133426597,0.41043982719320393,0.009095210364815606,0.18173996313593788
cx_ry,rotation_only,10,1,linear,noisy,inf,0.7886810079031832,0.2665471826599535,,0.013424144748146686,0.17828049714283425
cx_ry,rotation_only,10,2,circular,noiseless,0.3222220767225368,0.8905031595136915,0.02100218130147569,0.19164870911701926,0.00561503282531936,0.022438201941903237
cx_ry,rotation_only,10,2,circular,noisy,inf,0.9784186969350808,1.780479560528855e-33,,0.002551080980802844,2.8900274550868016e-33
cx_ry,rotation_only,10,2,full,noiseless,0.5278090869934485,0.6525030182351393,0.14722026890357762,0.27810664548528546,0.005913214657045519,0.18581497444395484
cx_ry,rotation_only,10,2,full,noisy,inf,0.9999933071556104,3.690451453358229e-35,,5.737539883840744e-11,1.374597393199633e-35
cx_ry,rotation_only,10,2,linear,noiseless,0.4643475316514557,0.7592500296408671,0.27466818164744955,0.25511933952310867,0.00479717214251006,0.18974570059484808
cx_ry,rotation_only,10,2,linear,noisy,inf,0.8550455253500602,0.23783501049764003,,0.010906649455323091,0.16196455853406724
cx_ry,rotation_only,10,4,circular,noiseless,0.008186556499668145,0.9661525800332808,0.0024410555812323705,0.013181606869361592,0.0019904570549222293,0.0033016833457057367
cx_ry,rotation_only,10,4,circular,noisy,inf,0.9956799909349984,2.458288335368519e-34,,0.0010204775182881284,4.2557003569246524e-34
cx_ry,rotation_only,10,4,full,noiseless,0.03615191937968778,0.8280537836958007,0.09999979579759581,0.03950411826504282,0.004962704438531298,0.14907102201742695
cx_ry,rotation_only,10,4,full,noisy,inf,0.9999934635635777,5.783132608811013e-08,,4.326357248092973e-10,9.348187148140862e-09
cx_ry,rotation_only,10,4,linear,noiseless,0.05836563764408427,0.8641010150357398,0.2010225691417494,0.07525790620615538,0.004484657188459071,0.16705959217863253
cx_ry,rotation_only,10,4,linear,noisy,inf,0.9195275782691045,0.16493749985235526,,0.00925995145868428,0.147030764597841
cx_ry,rotation_only,10,8,circular,noiseless,8.740648201398856e-10,0.993107552275673,0.00253679868797233,0.0,0.00037463750777053724,0.002970240400442671
cx_ry,rotation_only,10,8,circular,noisy,inf,0.9999776769232384,2.0058195329781143e-06,,1.2145056739260517e-05,1.5630723853143362e-07
cx_ry,rotation_only,10,8,full,noiseless,0.008186556499668145,0.9421567378355636,0.06195880382626521,0.013181606869361592,0.002704631274276006,0.1267927477260584
cx_ry,rotation_only,10,8,full,noisy,inf,0.9999934634204994,5.4493331405339835e-08,,5.361692941009905e-10,6.6579105616351775e-09
cx_ry,rotation_only,10,8,linear,noiseless,0.0027288527492659283,0.9502887818607306,0.10316797413444542,0.008629387322857052,0.002820612118673097,0.15377969372683048
cx_ry,rotation_only,10,8,linear,noisy,inf,0.9741311259966118,0.062006673302923344,,0.005940962479544286,0.1034336825798489
local_z,real_amplitudes,4,1,circular,noiseless,0.5862695115837218,2.71327404988142e-15,0.03727013607834494,0.06316655144037632,2.4528140976182035e-17,0.030747795430655207
local_z,real_amplitudes,4,1,circular,noisy,0.7682592695236823,0.00149590629212427,0.03129065292416093,0.21924205074360753,1.3381292142901454e-16,0.027983172037022844
local_z,real_amplitudes,4,1,full,noiseless,0.5862695115837218,2.71327404988142e-15,0.11672398693663792,0.06316655144037632,2.4528140976182035e-17,0.07446452941319781
local_z,real_amplitudes,4,1,full,noisy,0.7682592695236823,0.00149590629212427,0.03147898826651929,0.21924205074360753,1.3381292142901454e-16,0.03166905081910006
local_z,real_amplitudes,4,1,linear,noiseless,0.5862695115837218,2.71327404988142e-15,0.15064623215971898,0.06316655144037632,2.4528140976182035e-17,0.09917998789006048
local_z,real_amplitudes,4,1,linear,noisy,0.7682592695236823,0.00149590629212427,0.1479248655928024,0.21924205074360753,1.3381292142901454e-16,0.10853269409619568
local_z,real_amplitudes,4,2,circular,noiseless,0.9801890157908876,5.574873895852761e-15,0.02432172120308862,0.18498017759969085,6.230935435274096e-17,0.004948272842162396
local_z,real_amplitudes,4,2,circular,noisy,1.4752983739885632,0.00291013374516366,0.01646988315909404,0.6285819192339991,2.8366095770967328e-05,0.008766053530882122
local_z,real_amplitudes,4,2,full,noiseless,0.9801890157908876,5.574873895852761e-15,0.12425643570170461,0.18498017759969085,6.230935435274096e-17,0.017139441218095443
local_z,real_amplitudes,4,2,full,noisy,1.4752983739885632,0.00291013374516366,0.07247930084632756,0.6285819192339991,2.8366095770967328e-05,0.019171351691973457
local_z,real_amplitudes,4,2,linear,noiseless,0.9801890157908876,5.574873895852761e-15,0.17797208879111243,0.18498017759969085,6.230935435274096e-17,0.025320660676815755
local_z,real_amplitudes,4,2,linear,noisy,1.4752983739885632,0.00291013374516366,0.15911165355257278,0.6285819192339991,2.8366095770967328e-05,0.040931236582957595
local_z,real_amplitudes,4,4,circular,noiseless,0.9311575678669591,1.1236678254533672e-14,0.018468713447901818,0.10192826957292081,1.0719955658634488e-16,0.009514237134778196
local_z,real_amplitudes,4,4,circular,noisy,1.2853263465988323,0.0053818656619248,0.00620776913674458,0.500892619167337,2.2818781138799427e-05,0.004583387823574009
local_z,real_amplitudes,4,4,full,noiseless,0.9311575678669591,1.1236678254533672e-14,0.03902523659396478,0.10192826957292081,1.0719955658634488e-16,0.02073571765851201
local_z,real_amplitudes,4,4,full,noisy,1.2853263465988323,0.0053818656619248,0.012637447985261799,0.500892619167337,2.2818781138799427e-05,0.00800528768039033
local_z,real_amplitudes,4,4,linear,noiseless,0.9311575678669591,1.1236678254533672e-14,0.05766737433659286,0.10192826957292081,1.0719955658634488e-16,0.02825053319556055
local_z,real_amplitudes,4,4,linear,noisy,1.2853263465988323,0.0053818656619248,0.044085998979923616,0.500892619167337,2.2818781138799427e-05,0.026509515851856905
local_z,real_amplitudes,4,8,circular,noiseless,0.6400006134067008,2.2572055335956518e-14,0.025951034995517153,0.07667017575436937,1.2029346025294906e-16,0.011687763588592066
local_z,real_amplitudes,4,8,circular,noisy,0.9699048655074851,0.01065344253672801,0.00191421293900705,0.20188200966770542,5.246302416270515e-05,0.0011608212125476987
local_z,real_amplitudes,4,8,full,noiseless,0.6400006134067008,2.2572055335956518e-14,0.02980779031433759,0.07667017575436937,1.2029346025294906e-16,0.014890820232189734
local_z,real_amplitudes,4,8,full,noisy,0.9699048655074851,0.01065344253672801,0.00137414339642755,0.20188200966770542,5.246302416270515e-05,0.0007117772597297974
local_z,real_amplitudes,4,8,linear,noiseless,0.6400006134067008,2.2572055335956518e-14,0.031035906851040008,0.07667017575436937,1.2029346025294906e-16,0.015822448577702916
local_z,real_amplitudes,4,8,linear,noisy,0.9699048655074851,0.01065344253672801,0.017693031811818,0.20188200966770542,5.246302416270515e-05,0.010647890393197662
local_z,real_amplitudes,8,1,circular,noiseless,0.45400517738861756,5.3356208340460395e-15,0.05261148086583145,0.13507471216211686,3.019430179860406e-17,0.043852649640344375
local_z,real_amplitudes,8,1,circular,noisy,0.5093140232360545,0.00258089377668098,2.714167494406825e-10,0.4979172510273443,1.9886352586694199e-16,7.540892689729303e-10
local_z,real_amplitudes,8,1,full,noiseless,0.45400517738861756,5.3356208340460395e-15,0.11713042703753374,0.13507471216211686,3.019430179860406e-17,0.07381459792683165
local_z,real_amplitudes,8,1,full,noisy,0.5093140232360545,0.00258089377668098,3.308622510340831e-17,0.4979172510273443,1.9886352586694199e-16,2.3392819606528103e-17
local_z,real_amplitudes,8,1,linear,noiseless,0.45400517738861756,5.3356208340460395e-15,0.14903063304712194,0.13507471216211686,3.019430179860406e-17,0.09455437812592139
local_z,real_amplitudes,8,1,linear,noisy,0.5093140232360545,0.00258089377668098,0.14826332956979954,0.4979172510273443,1.9886352586694199e-16,0.09137315023676873
local_z,real_amplitudes,8,2,circular,noiseless,3.694543312748926,1.1014633649608639e-14,0.0279812866544758,0.44750694632368504,4.8949099573829255e-17,0.005820774588241835
local_z,real_amplitudes,8,2,circular,noisy,4.22996494877582,0.00455915100889134,0.015583992117002779,1.2643800921263402,5.4590165463410454e-05,0.008816753565417017
local_z,real_amplitudes,8,2,full,noiseless,3.694543312748926,1.1014633649608639e-14,0.10534475507026608,0.44750694632368504,4.8949099573829255e-17,0.01469900680254295
local_z,real_amplitudes,8,2,full,noisy,4.22996494877582,0.00455915100889134,6.694082464624559e-12,1.2643800921263402,5.4590165463410454e-05,2.910753430157951e-12
local_z,real_amplitudes,8,2,linear,noiseless,3.694543312748926,1.1014633649608639e-14,0.17645442908153264,0.44750694632368504,4.8949099573829255e-17,0.02124510214991818
local_z,real_amplitudes,8,2,linear,noisy,4.22996494877582,0.00455915100889134,0.1607272853418373,1.2643800921263402,5.4590165463410454e-05,0.036978881129764905
local_z,real_amplitudes,8,4,circular,noiseless,3.8356625563557842,2.2366331009493482e-14,0.0028118034813175807,0.581304270056017,4.848341109633881e-17,0.001403987685518014
local_z,real_amplitudes,8,4,circular,noisy,3.4311301008842916,0.0082840056973182,6.325631979597623e-06,1.3949306761350846,6.898665719216078e-05,6.7415743125125235e-06
local_z,real_amplitudes,8,4,full,noiseless,3.8356625563557842,2.2366331009493482e-14,0.026131369863693688,0.581304270056017,4.848341109633881e-17,0.014002585604286785
local_z,real_amplitudes,8,4,full,noisy,3.4311301008842916,0.0082840056973182,1.3193844722945155e-34,1.3949306761350846,6.898665719216078e-05,4.6785244482646025e-35
local_z,real_amplitudes,8,4,linear,noiseless,3.8356625563557842,2.2366331009493482e-14,0.061842064958124755,0.581304270056017,4.848341109633881e-17,0.03145339191237665
local_z,real_amplitudes,8,4,linear,noisy,3.4311301008842916,0.0082840056973182,0.05506351860468291,1.3949306761350846,6.898665719216078e-05,0.030984816103652682
local_z,real_amplitudes,8,8,circular,noiseless,2.4874639300275314,4.502886952195695e-14,0.00149863038527203,0.30571622077969113,4.5149676343261534e-17,0.0007952884328926747
local_z,real_amplitudes,8,8,circular,noisy,2.1097931861807253,0.016200137229379512,7.710685014882515e-16,0.8425249817069339,0.00010168151462415635,1.0928699064507047e-15
local_z,real_amplitudes,8,8,full,noiseless,2.4874639300275314,4.502886952195695e-14,0.00287434337360324,0.30571622077969113,4.5149676343261534e-17,0.0017808227022362696
local_z,real_amplitudes,8,8,full,noisy,2.1097931861807253,0.016200137229379512,1.4910973434342593e-34,0.8425249817069339,0.00010168151462415635,3.167791320058555e-35
local_z,real_amplitudes,8,8,linear,noiseless,2.4874639300275314,4.502886952195695e-14,0.01173697279900599,0.30571622077969113,4.5149676343261534e-17,0.007154329385857239
local_z,real_amplitudes,8,8,linear,noisy,2.1097931861807253,0.016200137229379512,0.007078628621715641,0.8425249817069339,0.00010168151462415635,0.005414591673391079
local_z,real_amplitudes,10,1,circular,noiseless,0.3636146533577092,6.323275236752579e-15,0.06421165112045836,0.3266131143382107,2.6998945992926267e-17,0.06028988637229974
local_z,real_amplitudes,10,1,circular,noisy,0.10748475651087093,0.00292260925237601,1.620435463939143e-13,0.18979413906465256,1.6630579130358787e-16,3.599210483897033e-13
local_z,real_amplitudes,10,1,full,noiseless,0.3636146533577092,6.323275236752579e-15,0.11793985038358001,0.3266131143382107,2.6998945992926267e-17,0.07296776220620237
local_z,real_amplitudes,10,1,full,noisy,0.10748475651087093,0.00292260925237601,2.3530460651138718e-23,0.18979413906465256,1.6630579130358787e-16,1.6128871294300493e-23
local_z,real_amplitudes,10,1,linear,noiseless,0.3636146533577092,6.323275236752579e-15,0.1518129262771833,0.3266131143382107,2.6998945992926267e-17,0.09780520441370617
local_z,real_amplitudes,10,1,linear,noisy,0.10748475651087093,0.00292260925237601,0.1394683271069,0.18979413906465256,1.6630579130358787e-16,0.09507889312896314
local_z,real_amplitudes,10,2,circular,noiseless,5.7876029793567385,1.3345657912111619e-14,0.02769530952511485,0.8842414362990414,6.630024103890392e-17,0.005015219379306306
local_z,real_amplitudes,10,2,circular,noisy,5.809162471591025,0.0049713163905860695,6.429572854873707e-12,3.3239770528911197,5.291796777790857e-05,1.1904291966364043e-11
local_z,real_amplitudes,10,2,full,noiseless,5.7876029793567385,1.3345657912111619e-14,0.10159420755520288,0.8842414362990414,6.630024103890392e-17,0.009702214982449331
local_z,real_amplitudes,10,2,full,noisy,5.809162471591025,0.0049713163905860695,2.0147022188851664e-30,3.3239770528911197,5.291796777790857e-05,1.3696844077770542e-30
local_z,real_amplitudes,10,2,linear,noiseless,5.7876029793567385,1.3345657912111619e-14,0.1808508656460878,0.8842414362990414,6.630024103890392e-17,0.023117020981278408
local_z,real_amplitudes,10,2,linear,noisy,5.809162471591025,0.0049713163905860695,0.16326424808547113,3.3239770528911197,5.291796777790857e-05,0.03169738270758674
local_z,real_amplitudes,10,4,circular,noiseless,5.643323413182903,2.751576744230988e-14,0.002241519638003556,0.5647349496767058,7.019325991284925e-17,0.0013979066291550984
local_z,real_amplitudes,10,4,circular,noisy,5.902988054284658,0.008953693661206439,1.7472954152522832e-05,2.684282300896662,5.7402197059238566e-05,3.138719691466085e-05
local_z,real_amplitudes,10,4,full,noiseless,5.643323413182903,2.751576744230988e-14,0.0225445500678285,0.5647349496767058,7.019325991284925e-17,0.011081572105389273
local_z,real_amplitudes,10,4,full,noisy,5.902988054284658,0.008953693661206439,7.673698867420711e-32,2.684282300896662,5.7402197059238566e-05,1.027487858427507e-31
local_z,real_amplitudes,10,4,linear,noiseless,5.643323413182903,2.751576744230988e-14,0.055132738901768376,0.5647349496767058,7.019325991284925e-17,0.027273770315657083
local_z,real_amplitudes,10,4,linear,noisy,5.902988054284658,0.008953693661206439,0.0456616246510387,2.684282300896662,5.7402197059238566e-05,0.02282889485030807
local_z,real_amplitudes,10,8,circular,noiseless,2.8078912251851937,5.5860982506317215e-14,0.00036285965449839,0.5576170799862822,7.435722794037429e-17,0.00017800671977337141
local_z,real_amplitudes,10,8,circular,noisy,3.012014064812329,0.01744186862143594,5.527673216377728e-22,1.668859185623787,8.672851169328395e-05,1.1385586375599547e-21
local_z,real_amplitudes,10,8,linear,noiseless,2.8078912251851937,5.5860982506317215e-14,0.011261150792006649,0.5576170799862822,7.435722794037429e-17,0.005435641774838514
local_z,real_amplitudes,10,8,linear,noisy,3.012014064812329,0.01744186862143594,0.005608704539688611,1.668859185623787,8.672851169328395e-05,0.0026439555774921903
local_z,rotation_only,4,1,linear,noiseless,0.5862695115837218,2.71327404988142e-15,0.23044327155278194,0.06316655144037632,2.4528140976182035e-17,0.14201036778828652
local_z,rotation_only,4,1,linear,noisy,0.7682592695236823,0.00149590629212427,0.22251434046820778,0.21924205074360753,1.3381292142901454e-16,0.14825460105642402
local_z,rotation_only,4,2,linear,noiseless,0.9801890157908876,5.574873895852761e-15,0.41035030330556144,0.18498017759969085,6.230935435274096e-17,0.054114831822946095
local_z,rotation_only,4,2,linear,noisy,1.4752983739885632,0.00291013374516366,0.3762138735693502,0.6285819192339991,2.8366095770967328e-05,0.052672026685780284
local_z,rotation_only,4,4,linear,noiseless,0.9311575678669591,1.1236678254533672e-14,0.36769568260466884,0.10192826957292081,1.0719955658634488e-16,0.17215773213700938
local_z,rotation_only,4,4,linear,noisy,1.2853263465988323,0.0053818656619248,0.3273874542831126,0.500892619167337,2.2818781138799427e-05,0.17060067987611982
local_z,rotation_only,4,8,linear,noiseless,0.6400006134067008,2.2572055335956518e-14,0.31494866532192634,0.07667017575436937,1.2029346025294906e-16,0.1352818722189391
local_z,rotation_only,4,8,linear,noisy,0.9699048655074851,0.01065344253672801,0.30164627234099284,0.20188200966770542,5.246302416270515e-05,0.11801077923310518
local_z,rotation_only,8,1,linear,noiseless,0.45400517738861756,5.3356208340460395e-15,0.23204812618040022,0.13507471216211686,3.019430179860406e-17,0.14318328782948117
local_z,rotation_only,8,1,linear,noisy,0.5093140232360545,0.00258089377668098,0.23906393774987061,0.4979172510273443,1.9886352586694199e-16,0.15297650789557943
local_z,rotation_only,8,2,linear,noiseless,3.694543312748926,1.1014633649608639e-14,0.40699588524382396,0.44750694632368504,4.8949099573829255e-17,0.05286415637722827
local_z,rotation_only,8,2,linear,noisy,4.22996494877582,0.00455915100889134,0.3967228509035271,1.2643800921263402,5.4590165463410454e-05,0.06290361039405687
local_z,rotation_only,8,4,linear,noiseless,3.8356625563557842,2.2366331009493482e-14,0.38345888942060513,0.581304270056017,4.848341109633881e-17,0.18034520251820577
local_z,rotation_only,8,4,linear,noisy,3.4311301008842916,0.0082840056973182,0.37797287860970064,1.3949306761350846,6.898665719216078e-05,0.1764463397765359
local_z,rotation_only,8,8,linear,noiseless,2.4874639300275314,4.502886952195695e-14,0.3283801029022686,0.30571622077969113,4.5149676343261534e-17,0.12589245218177925
local_z,rotation_only,8,8,linear,noisy,2.1097931861807253,0.016200137229379512,0.32184760304760024,0.8425249817069339,0.00010168151462415635,0.12365237540167069
local_z,rotation_only,10,1,linear,noiseless,0.3636146533577092,6.323275236752579e-15,0.23729189538694362,0.3266131143382107,2.6998945992926267e-17,0.15310875099863427
local_z,rotation_only,10,1,linear,noisy,0.10748475651087093,0.00292260925237601,0.23720134499820134,0.18979413906465256,1.6630579130358787e-16,0.16776224296357167
local_z,rotation_only,10,2,linear,noiseless,5.7876029793567385,1.3345657912111619e-14,0.4202041622155172,0.8842414362990414,6.630024103890392e-17,0.05535498167933149
local_z,rotation_only,10,2,linear,noisy,5.809162471591025,0.0049713163905860695,0.39994890735659283,3.3239770528911197,5.291796777790857e-05,0.09115458783934607
local_z,rotation_only,10,4,linear,noiseless,5.643323413182903,2.751576744230988e-14,0.37758643183393753,0.5647349496767058,7.019325991284925e-17,0.17658195438653454
local_z,rotation_only,10,4,linear,noisy,5.902988054284658,0.008953693661206439,0.36590766610798425,2.684282300896662,5.7402197059238566e-05,0.1859131200576122
local_z,rotation_only,10,8,linear,noiseless,2.8078912251851937,5.5860982506317215e-14,0.32745849009581324,0.5576170799862822,7.435722794037429e-17,0.12726476387512145
local_z,rotation_only,10,8,linear,noisy,3.012014064812329,0.01744186862143594,0.30444751038303525,1.668859185623787,8.672851169328395e-05,0.13000770319206842
zz,real_amplitudes,4,1,circular,noiseless,0.04704637624153339,0.7192160142974947,0.04785571320801535,0.019075931678885834,0.015624376559396714,0.024940648939959995
zz,real_amplitudes,4,1,circular,noisy,0.9197620764407807,0.7649663437148504,0.03213845931000337,0.09694213219636912,0.036581231173518046,0.019653177046105245
zz,real_amplitudes,4,1,full,noiseless,0.020031355805662558,0.8370596608321745,0.050893932360470275,0.004092779865354257,0.01341195839636854,0.02998152963343109
zz,real_amplitudes,4,1,full,noisy,1.6269842924485594,0.8672580980616065,0.027620444620309187,0.06793321329091279,0.032367646545465575,0.020243803226362236
zz,real_amplitudes,4,1,linear,noiseless,0.07697829684105043,0.5999658171458554,0.0936920799280426,0.01926858816941949,0.015991645911607497,0.05667151318868491
zz,real_amplitudes,4,1,linear,noisy,0.2853030641882818,0.62703124778502,0.08461374028469196,0.08128846222533621,0.04620963832411829,0.05642219543418035
zz,real_amplitudes,4,2,circular,noiseless,0.04403010920772221,0.607219397325009,0.01516237916736618,0.018261336319198303,0.01892652481207418,0.007664002396400764
zz,real_amplitudes,4,2,circular,noisy,3.505264672805834,0.7562611750086792,0.00438973272785538,0.15823194502232632,0.03223280668877958,0.003345806008502577
zz,real_amplitudes,4,2,full,noiseless,0.03227957626646542,0.7556613941859395,0.05853179333995025,0.01125799122063299,0.015034126850960595,0.018807922241779473
zz,real_amplitudes,4,2,full,noisy,6.143277645977891,0.8785010613736647,0.01622830684217706,0.16028814024252208,0.027484802031612562,0.007705023963345783
zz,real_amplitudes,4,2,linear,noiseless,0.08199209564130874,0.4635413631396809,0.10420521470692712,0.017742371482099405,0.021510470100009556,0.0632614929133075
zz,real_amplitudes,4,2,linear,noisy,1.0359413918863856,0.5529126440121156,0.07597375140157175,0.1410762847655509,0.04947307952219804,0.04711385273461047
zz,real_amplitudes,4,4,circular,noiseless,0.06470033421738382,0.6349843146665881,0.02279287205792441,0.022305271312926606,0.015764955812020632,0.007983033877728066
zz,real_amplitudes,4,4,circular,noisy,10.352130882244493,0.880623145100494,0.0014588613080379598,0.24274921896696147,0.022090637252677955,0.0005490273004786582
zz,real_amplitudes,4,4,full,noiseless,0.04018454606274583,0.7385287924554648,0.03453598846722159,0.012765471568036181,0.012237396916358894,0.006848737546394714
zz,real_amplitudes,4,4,full,noisy,15.881805399766098,0.9469866864415291,0.00072152543757286,0.18696551384659874,0.012480763908673797,0.00026553015018216194
zz,real_amplitudes,4,4,linear,noiseless,0.12693654711747934,0.5094677953619312,0.03489973878241092,0.03602464430849934,0.01766570943523774,0.022999117747276684
zz,real_amplitudes,4,4,linear,noisy,2.613799932413943,0.6492908509077784,0.018505222408679512,0.1440622743406015,0.03940559466709227,0.011922506336486425
zz,real_amplitudes,4,8,circular,noiseless,0.07093534218555171,0.6721922936871241,0.03440529216889293,0.009387300063052276,0.016406459964695533,0.0060501105260199846
zz,real_amplitudes,4,8,circular,noisy,26.799850536455477,0.9710597348984027,8.365899697030356e-05,0.3362059489315618,0.007547612101017914,2.4330705338998426e-05
zz,real_amplitudes,4,8,full,noiseless,0.055224723739624136,0.7530843656873427,0.02690507392440102,0.013362974682250953,0.01130969125374284,0.007068249877458996
zz,real_amplitudes,4,8,full,noisy,39.63237014519654,0.9913355149548309,1.7503643372496183e-05,0.3845015870591203,0.0031647264817942595,5.474188760816771e-06
zz,real_amplitudes,4,8,linear,noiseless,0.12523681590043517,0.5466658815289355,0.02969064423838631,0.03256226293658972,0.01828487773327424,0.005854198413914956
zz,real_amplitudes,4,8,linear,noisy,6.039092938147782,0.7781211710398,0.00593872672485745,0.19330933846837117,0.034128574464647524,0.001975978581972234
zz,real_amplitudes,8,1,circular,noiseless,0.08359042084975259,0.7191896456587531,0.07567603568585898,0.05292510511939075,0.008603585713564368,0.030040216672219157
zz,real_amplitudes,8,1,circular,noisy,28.9307379411975,0.8569800508047765,6.5470391298598635e-28,2.1185167996433782,0.02305893774094683,7.904567156318845e-28
zz,real_amplitudes,8,1,full,noiseless,0.013384121800950579,0.9609325576072166,0.00268653101012686,0.01306801040701107,0.004636414885344384,0.0005679318037046361
zz,real_amplitudes,8,1,full,noisy,310.42126665942885,0.9892134195312867,2.5922313008702344e-33,6.30019783245291,0.0045559862734930135,5.1355576582538145e-34
zz,real_amplitudes,8,1,linear,noiseless,0.10169746605028865,0.6596582794625044,0.09602822687262494,0.03781475268723001,0.009628758665012099,0.058999398201098494
zz,real_amplitudes,8,1,linear,noisy,15.278318201536639,0.8119723214329904,0.08606985395834547,2.4111194783032497,0.02939137913009841,0.05400812948890928
zz,real_amplitudes,8,2,circular,noiseless,0.07301243118105546,0.620858470561206,0.00699021732140311,0.02764713067896887,0.009383744336960135,0.0077616029387584115
zz,real_amplitudes,8,2,circular,noisy,162.60607077847325,0.9149423099460611,1.327309114953848e-07,5.563325122987885,0.013559041860668045,1.3197429748148254e-07
zz,real_amplitudes,8,2,full,noiseless,0.01189503481794536,0.9534601767501284,0.0025319887649837298,0.005532187602544685,0.004731747285350233,0.0008696102288714443
zz,real_amplitudes,8,2,full,noisy,inf,0.9999685734893141,1.1428530147118807e-34,,3.918804462581983e-06,3.183315178485455e-35
zz,real_amplitudes,8,2,linear,noiseless,0.14127102842494046,0.5398153519391674,0.09945473910957664,0.034971385907881194,0.010893610756509811,0.059079584780898246
zz,real_amplitudes,8,2,linear,noisy,35.67321800264611,0.782257893176593,0.08894959245760761,2.22387687237252,0.021635843703697446,0.0503771357042316
zz,real_amplitudes,8,4,circular,noiseless,0.10262747240993571,0.6819112446430131,0.0028684752099600998,0.03204276574394117,0.009243328690503571,0.0012561424263285365
zz,real_amplitudes,8,4,circular,noisy,inf,0.9631908718447878,6.066155992284045e-10,,0.006480996417661711,5.760155786284795e-10
zz,real_amplitudes,8,4,full,noiseless,0.0014192943188716702,0.9573529657981921,0.0021753241681710797,0.0008795459008603017,0.003873042401420275,0.0002809779872369439
zz,real_amplitudes,8,4,full,noisy,inf,0.9999677823724957,1.127012036335214e-29,,2.204297905605059e-06,4.2235724483983606e-30
zz,real_amplitudes,8,4,linear,noiseless,0.22511792326905028,0.5987325964797876,0.030885590307169846,0.04426737051136962,0.009532308489810914,0.025468372389375632
zz,real_amplitudes,8,4,linear,noisy,83.4164459265679,0.8496306684718068,0.015871328471634038,5.873733415618964,0.021509474728182633,0.013606098761368798
zz,real_amplitudes,8,8,circular,noiseless,0.0763791906826153,0.7550791148303151,0.0019828145669029103,0.023000555653853845,0.009329985711006725,0.0003171156257019363
zz,real_amplitudes,8,8,circular,noisy,inf,0.998010539147644,7.468370743490279e-15,,0.00065662261449656,1.8526752160467576e-14
zz,real_amplitudes,8,8,full,noiseless,0.0015470362227326623,0.9677671154417992,0.00201287866564553,0.0024321804988230423,0.003586070115836589,0.00015094525359539836
zz,real_amplitudes,8,8,full,noisy,inf,0.9999692763691737,3.17573706278916e-34,,4.6474779011626305e-06,6.961926595118661e-35
zz,real_amplitudes,8,8,linear,noiseless,0.1889468286902946,0.6539349239855644,0.007792961487396439,0.03766832663103761,0.012421604680215645,0.003296458360508595
zz,real_amplitudes,8,8,linear,noisy,190.08695382618865,0.9153672373030796,0.0018690941722740127,8.86718449570526,0.01171547564788503,0.0020241002439077317
zz,real_amplitudes,10,1,circular,noiseless,0.027843838974266864,0.7197162316821908,0.05813491687183152,0.019131315383666195,0.00692242349478003,0.023512434479717254
zz,real_amplitudes,10,1,circular,noisy,inf,0.9086955791178927,0.02095891239652535,,0.015381024206946835,0.016026645078437814
zz,real_amplitudes,10,1,full,noiseless,8.740648201398856e-10,0.9699387352770439,0.0007770412281835699,0.0,0.003398348858895237,0.0002986130897954118
zz,real_amplitudes,10,1,full,noisy,inf,0.9999846484573924,2.0859503727469963e-24,,1.2044796159006054e-06,1.515076736541569e-24
zz,real_amplitudes,10,1,linear,noiseless,0.04515665131056456,0.6734424174116687,0.09873498786347239,0.05710610149020388,0.008137855086674077,0.06054539637069647
zz,real_amplitudes,10,1,linear,noisy,inf,0.8506897865569526,0.0850752501074509,,0.015710032808774598,0.04917382239794557
zz,real_amplitudes,10,2,circular,noiseless,0.0400154905459769,0.6235034181479485,0.00574898608285018,0.07081922222142979,0.008430375936811127,0.005900384405874639
zz,real_amplitudes,10,2,circular,noisy,inf,0.9052526264418042,1.895697773798171e-07,,0.01263869680423692,1.5842621332572586e-07
zz,real_amplitudes,10,2,full,noiseless,8.740648201398856e-10,0.9674033690677405,0.0007421254473917,0.0,0.003506421221563436,0.0003128985663425669
zz,real_amplitudes,10,2,full,noisy,inf,0.999986801605749,7.157886499942526e-26,,2.0564552069379273e-06,2.5625407736328935e-26
zz,real_amplitudes,10,2,linear,noiseless,0.05647279419325468,0.5608352770600701,0.10311253200462611,0.05861844383711646,0.007468086936398545,0.06004157449376017
zz,real_amplitudes,10,2,linear,noisy,inf,0.8268691599947999,0.08347442729461725,,0.015536695234109329,0.052620811494672175
zz,real_amplitudes,10,4,circular,noiseless,0.061216621027315864,0.6866660761009964,0.00136303952631138,0.05877202348312593,0.008731722758293349,0.0013279020746867684
zz,real_amplitudes,10,4,circular,noisy,inf,0.9698259933876091,5.996378232116449e-35,,0.005742963515668004,6.689939592037408e-35
zz,real_amplitudes,10,4,full,noiseless,8.740648201398856e-10,0.9734481772248559,0.00058447932778692,0.0,0.003060360076310847,0.000127805813082241
zz,real_amplitudes,10,4,full,noisy,inf,0.9999868209035307,1.0157066608948622e-35,,2.0488021404386334e-06,2.280581104673143e-36
zz,real_amplitudes,10,4,linear,noiseless,0.10483145095406465,0.6180118232615313,0.032680666960716795,0.07291929461931054,0.008031800946919902,0.02909902089951492
zz,real_amplitudes,10,4,linear,noisy,inf,0.8806131709764692,0.01660511070727459,,0.01296979322558621,0.02079770956488291
zz,real_amplitudes,10,8,circular,noiseless,0.048066728945133926,0.7568732307648006,0.00046269649547403,0.06136942467737587,0.009841357606379872,4.6658990175669965e-05
zz,real_amplitudes,10,8,circular,noisy,inf,0.9947471353581296,2.378219420112824e-35,,0.0013674667114301092,5.3627777856024165e-36
zz,real_amplitudes,10,8,full,noiseless,8.740648201398856e-10,0.9810393372208879,0.00050726258453609,0.0,0.0023692399829608386,3.987068745395635e-05
zz,real_amplitudes,10,8,full,noisy,inf,0.9999842945674171,1.2831128177973194e-35,,6.648486870467286e-07,2.805889409388484e-36
zz,real_amplitudes,10,8,linear,noiseless,0.09675499217332617,0.6782088890468441,0.00717829803174117,0.1182296917447303,0.0126018613678088,0.0028507704737783797
zz,real_amplitudes,10,8,linear,noisy,inf,0.9322269257315476,0.0010377705378029967,,0.009728391473613226,0.0012426922899467774
zz,rotation_only,4,1,circular,noiseless,0.04704637624153339,0.7192160142974947,0.0844256344996365,0.019075931678885834,0.015624376559396714,0.0769180465394419
zz,rotation_only,4,1,circular,noisy,0.9197620764407807,0.7649663437148504,0.07039742520338835,0.09694213219636912,0.036581231173518046,0.06549087995097837
zz,rotation_only,4,1,full,noiseless,0.020031355805662558,0.8370596608321745,0.054491216350082715,0.004092779865354257,0.01341195839636854,0.050105222868394736
zz,rotation_only,4,1,full,noisy,1.6269842924485594,0.8672580980616065,5.192276360708382e-10,0.06793321329091279,0.032367646545465575,7.23644107177631e-10
zz,rotation_only,4,1,linear,noiseless,0.07697829684105043,0.5999658171458554,0.09732842064033365,0.01926858816941949,0.015991645911607493,0.08394490293484953
zz,rotation_only,4,1,linear,noisy,0.28332199370885663,0.627033081297655,0.09044105043318544,0.08433075987441452,0.04620422869792103,0.08024106747199132
zz,rotation_only,4,2,circular,noiseless,0.04403010920772221,0.607219397325009,0.21798181639210945,0.018261336319198303,0.01892652481207418,0.11669669567310342
zz,rotation_only,4,2,circular,noisy,3.505264672805834,0.7562611750086792,0.13546042767027683,0.15823194502232632,0.03223280668877958,0.07455978901959197
zz,rotation_only,4,2,full,noiseless,0.03227957626646542,0.7556613941859395,0.12792188762793724,0.01125799122063299,0.015034126850960595,0.08107417594417957
zz,rotation_only,4,2,full,noisy,6.143277645977891,0.8785010613736647,0.060613411418776866,0.16028814024252208,0.027484802031612562,0.04327543161056329
zz,rotation_only,4,2,linear,noiseless,0.08199209564130874,0.4635413631396809,0.25059983292142396,0.017742371482099405,0.021510470100009556,0.16526453472046185
zz,rotation_only,4,2,linear,noisy,1.0359413918863856,0.5529126440121156,0.20939472250544172,0.1410762847655509,0.04947307952219804,0.1402724089252972
zz,rotation_only,4,4,circular,noiseless,0.06470033421738382,0.6349843146665881,0.15699924987211228,0.022305271312926606,0.015764955812020632,0.11964997962644164
zz,rotation_only,4,4,circular,noisy,10.352130882244493,0.880623145100494,0.05739361856242483,0.24274921896696147,0.022090637252677955,0.046726055348819885
zz,rotation_only,4,4,full,noiseless,0.04018454606274583,0.7385287924554648,0.10117886089901754,0.012765471568036181,0.012237396916358894,0.07190526950211339
zz,rotation_only,4,4,full,noisy,15.881805399766098,0.9469866864415291,0.02186645027302849,0.18696551384659874,0.012480763908673797,0.018047609026775057
zz,rotation_only,4,4,linear,noiseless,0.12693654711747934,0.5094677953619312,0.1362813397695682,0.03602464430849934,0.01766570943523774,0.13717875196033433
zz,rotation_only,4,4,linear,noisy,2.613799932413943,0.6492908509077784,0.11238814654007538,0.1440622743406015,0.03940559466709227,0.12892134325268606
zz,rotation_only,4,8,circular,noiseless,0.07093534218555171,0.6721922936871241,0.09856767344242527,0.009387300063052276,0.016406459964695533,0.09328834563582682
zz,rotation_only,4,8,circular,noisy,26.799850536455477,0.9710597348984027,0.01315164058979322,0.3362059489315618,0.007547612101017914,0.013352116573075236
zz,rotation_only,4,8,full,noiseless,0.055224723739624136,0.7530843656873427,0.06258171988086993,0.013362974682250953,0.01130969125374284,0.05327441139440709
zz,rotation_only,4,8,full,noisy,39.63237014519654,0.9913355149548309,3.6967155321432774e-34,0.3845015870591203,0.0031647264817942595,6.23988646925563e-35
zz,rotation_only,4,8,linear,noiseless,0.12523681590043517,0.5466658815289355,0.1626757270052575,0.03256226293658972,0.01828487773327424,0.13488207832248827
zz,rotation_only,4,8,linear,noisy,6.039092938147782,0.7781211710398,0.09885030715398689,0.19330933846837117,0.034128574464647524,0.09292296621891784
zz,rotation_only,8,1,circular,noiseless,0.08359042084975259,0.7191896456587531,0.048625906339090905,0.05292510511939075,0.008603585713564368,0.04297055135309648
zz,rotation_only,8,1,circular,noisy,28.9307379411975,0.8569800508047765,1.2192947540690175e-33,2.1185167996433782,0.02305893774094683,8.580378568834853e-34
zz,rotation_only,8,1,full,noiseless,0.013384121800950579,0.9609325576072166,0.0005849157942165332,0.01306801040701107,0.004636414885344384,0.0011005980696490092
zz,rotation_only,8,1,full,noisy,310.42126665942885,0.9892134195312867,3.6553466990420463e-34,6.30019783245291,0.0045559862734930135,7.353732158221064e-34
zz,rotation_only,8,1,linear,noiseless,0.10169746605028865,0.6596582794625044,0.09747777759245338,0.03781475268723001,0.009628758665012099,0.08522692195419782
zz,rotation_only,8,1,linear,noisy,15.278318201536639,0.8119723214329904,0.09436846585399955,2.4111194783032497,0.02939137913009841,0.08447901208528762
zz,rotation_only,8,2,circular,noiseless,0.07301243118105546,0.620858470561206,0.1350324249482892,0.02764713067896887,0.009383744336960135,0.14129559224310909
zz,rotation_only,8,2,circular,noisy,162.60607077847325,0.9149423099460611,3.1819803901806026e-33,5.563325122987885,0.013559041860668045,4.622021856806852e-33
zz,rotation_only,8,2,full,noiseless,0.01189503481794536,0.9534601767501284,0.00227150633844301,0.005532187602544685,0.004731747285350233,0.0034580447277069173
zz,rotation_only,8,2,full,noisy,inf,0.9999685734893141,1.3708659004411946e-34,,3.918804462581983e-06,6.136335411160604e-35
zz,rotation_only,8,2,linear,noiseless,0.14127102842494046,0.5398153519391674,0.24568078889253747,0.034971385907881194,0.010893610756509811,0.1651497753873195
zz,rotation_only,8,2,linear,noisy,35.67321800264611,0.782257893176593,0.21449171756560478,2.22387687237252,0.021635843703697446,0.1326992603603485
zz,rotation_only,8,4,circular,noiseless,0.10262747240993571,0.6819112446430131,0.13440818412515557,0.03204276574394117,0.009243328690503571,0.10445465902079486
zz,rotation_only,8,4,circular,noisy,inf,0.9631908718447878,8.154834010341525e-24,,0.006480996417661711,1.1652817645759692e-23
zz,rotation_only,8,4,full,noiseless,0.0014192943188716702,0.9573529657981921,0.0032155742581312895,0.0008795459008603017,0.003873042401420275,0.00545572367650974
zz,rotation_only,8,4,full,noisy,inf,0.9999677823724957,7.478742631069937e-06,,2.204297905605059e-06,1.0573743098995104e-06
zz,rotation_only,8,4,linear,noiseless,0.22511792326905028,0.5987325964797876,0.1349392257137409,0.04426737051136962,0.009532308489810914,0.16326260695084052
zz,rotation_only,8,4,linear,noisy,83.4164459265679,0.8496306684718068,0.10966158762499398,5.873733415618964,0.021509474728182633,0.13620206110146063
zz,rotation_only,8,8,circular,noiseless,0.0763791906826153,0.7550791148303151,0.08945801995075363,0.023000555653853845,0.009329985711006725,0.10919198299214804
zz,rotation_only,8,8,circular,noisy,inf,0.998010539147644,1.1354993937229421e-33,,0.00065662261449656,1.061556784091301e-33
zz,rotation_only,8,8,full,noiseless,0.0015470362227326623,0.9677671154417992,0.00456063912253781,0.0024321804988230423,0.003586070115836589,0.006184117120316909
zz,rotation_only,8,8,full,noisy,inf,0.9999692763691737,2.2168078500449786e-34,,4.6474779011626305e-06,6.315362453129205e-35
zz,rotation_only,8,8,linear,noiseless,0.1889468286902946,0.6539349239855644,0.14857819372771422,0.03766832663103761,0.012421604680215645,0.13027392609070726
zz,rotation_only,8,8,linear,noisy,190.08695382618865,0.9153672373030796,0.08682712794999214,8.86718449570526,0.01171547564788503,0.09148716184150452
zz,rotation_only,10,1,circular,noiseless,0.027843838974266864,0.7197162316821908,0.07286237693635704,0.019131315383666195,0.00692242349478003,0.07274891550609693
zz,rotation_only,10,1,circular,noisy,inf,0.9086955791178927,7.64611565679205e-33,,0.015381024206946835,1.237757287675916e-32
zz,rotation_only,10,1,full,noiseless,8.740648201398856e-10,0.9699387352770439,0.0001774331771577021,0.0,0.003398348858895237,0.00033485839826843207
zz,rotation_only,10,1,full,noisy,inf,0.9999846484573924,1.170555806565573e-05,,1.2044796159006054e-06,1.857223962746172e-06
zz,rotation_only,10,1,linear,noiseless,0.04515665131056456,0.6734424174116687,0.09883386465167689,0.05710610149020388,0.008137855086674077,0.08833544463219227
zz,rotation_only,10,1,linear,noisy,inf,0.8506897865569526,0.09019850670719112,,0.015710032808774598,0.08030624488701196
zz,rotation_only,10,2,circular,noiseless,0.0400154905459769,0.6235034181479485,0.16585314745359106,0.07081922222142979,0.008430375936811127,0.14959092778185293
zz,rotation_only,10,2,circular,noisy,inf,0.9052526264418042,2.704262836596719e-15,,0.01263869680423692,5.69598346465837e-15
zz,rotation_only,10,2,full,noiseless,8.740648201398856e-10,0.9674033690677405,0.0010581533293588805,0.0,0.003506421221563436,0.0010336793418353719
zz,rotation_only,10,2,full,noisy,inf,0.999986801605749,4.967906747455524e-35,,2.0564552069379273e-06,1.130046582013935e-35
zz,rotation_only,10,2,linear,noiseless,0.05647279419325468,0.5608352770600701,0.25548673467463573,0.05861844383711646,0.007468086936398545,0.17187092758080752
zz,rotation_only,10,2,linear,noisy,inf,0.8268691599947999,0.22499017989050304,,0.015536695234109329,0.16128068570628148
zz,rotation_only,10,4,circular,noiseless,0.061216621027315864,0.6866660761009964,0.04917719891115753,0.05877202348312593,0.008731722758293349,0.061062374705362195
zz,rotation_only,10,4,circular,noisy,inf,0.9698259933876091,0.02230275398325397,,0.005742963515668004,0.025711237710207384
zz,rotation_only,10,4,full,noiseless,8.740648201398856e-10,0.9734481772248559,0.00147666197646481,0.0,0.003060360076310847,0.0015194919317076153
zz,rotation_only,10,4,full,noisy,inf,0.9999868209035307,5.335846666880606e-35,,2.0488021404386334e-06,1.5611755488638848e-35
zz,rotation_only,10,4,linear,noiseless,0.10483145095406465,0.6180118232615313,0.12447315803208188,0.07291929461931054,0.008031800946919902,0.1475913152562676
zz,rotation_only,10,4,linear,noisy,inf,0.8806131709764692,0.10415470978811683,,0.01296979322558621,0.13435699506072676
zz,rotation_only,10,8,circular,noiseless,0.048066728945133926,0.7568732307648006,0.07267556339506932,0.06136942467737587,0.009841357606379872,0.0878233984616756
zz,rotation_only,10,8,circular,noisy,inf,0.9947471353581296,3.1150787331002884e-34,,0.0013674667114301092,6.025733307580572e-34
zz,rotation_only,10,8,full,noiseless,8.740648201398856e-10,0.9810393372208879,0.0011641345242618,0.0,0.0023692399829608386,0.0014349424337946957
zz,rotation_only,10,8,full,noisy,inf,0.9999842945674171,2.7131237891716663e-05,,6.648486870467286e-07,3.4204172175492225e-06
zz,rotation_only,10,8,linear,noiseless,0.09675499217332617,0.6782088890468441,0.15086216884964068,0.1182296917447303,0.0126018613678088,0.13558298625845666
zz,rotation_only,10,8,linear,noisy,inf,0.9322269257315476,0.08943395382805672,,0.009728391473613226,0.09487883847445962
