feature_map_family,ansatz_family,num_qubits,depth,topology,seed,noise_condition,expressibility_kl,meyer_wallach,gradient_variance,kta,svm_accuracy
zz,rotation_only,4,1,linear,0,noiseless,0.06712708140521696,0.5944321321247716,0.09527572496742671,0.20020357316505172,0.4
zz,rotation_only,4,1,linear,1,noiseless,0.1037028534785211,0.5998136164134654,0.14903712136233754,0.20020357316505172,0.4
zz,rotation_only,4,1,linear,2,noiseless,0.06924147259721905,0.6053654763884098,0.01466425232168454,0.20020357316505172,0.4
zz,rotation_only,4,1,circular,0,noiseless,0.05764661414110803,0.7148930876138212,0.08218944904615975,0.195818474874962,0.4
zz,rotation_only,4,1,circular,1,noiseless,0.04719935984257767,0.7119189757220405,0.1452789960103874,0.195818474874962,0.4
zz,rotation_only,4,1,circular,2,noiseless,0.07033654523779222,0.7229709836607201,0.008673207755945357,0.195818474874962,0.4
zz,rotation_only,4,8,linear,0,noiseless,0.12194015017254817,0.5424908030892577,0.008476887993372793,0.22341684009863036,0.4
zz,rotation_only,4,8,linear,1,noiseless,0.08530189893965846,0.5608620696841294,0.030955161596870326,0.22341684009863036,0.4
zz,rotation_only,4,8,linear,2,noiseless,0.06966104344747122,0.5432307817909483,0.13179406499637747,0.22341684009863036,0.4
zz,rotation_only,4,8,circular,0,noiseless,0.06013526818253211,0.6803740956932961,0.0008940340947253717,0.19945813617857117,0.4
zz,rotation_only,4,8,circular,1,noiseless,0.06395585423237066,0.6599663100360673,0.034198908310472904,0.19945813617857117,0.4
zz,rotation_only,4,8,circular,2,noiseless,0.06709894173651687,0.6641151711138272,0.08331935465095315,0.19945813617857117,0.4
zz,rotation_only,10,1,linear,0,noiseless,0.05735363511904183,0.6675810516120031,0.0966431957682116,0.18327547169787542,0.4
zz,rotation_only,10,1,linear,1,noiseless,8.740648201398857e-10,0.6723186349494558,0.15692827202585238,0.18327547169787542,0.4
zz,rotation_only,10,1,linear,2,noiseless,0.09716592002621112,0.6740164220291649,0.015960220382029672,0.18327547169787542,0.4
zz,rotation_only,10,1,circular,0,noiseless,0.05735363511904183,0.713858551405094,0.09564872653602353,0.18323917048649144,0.4
zz,rotation_only,10,1,circular,1,noiseless,8.740648201398857e-10,0.7189991066368836,0.1387394717741458,0.18323917048649144,0.4
zz,rotation_only,10,1,circular,2,noiseless,0.05735363511904183,0.7248149429612052,0.014612705615689947,0.18323917048649144,0.4
zz,rotation_only,10,8,linear,0,noiseless,0.027288519626075924,0.6899865980588504,0.023665976594999413,0.1854977662497757,0.4
zz,rotation_only,10,8,linear,1,noiseless,0.08846926296649268,0.6885292929473243,0.0365782085428768,0.1854977662497757,0.4
zz,rotation_only,10,8,linear,2,noiseless,0.12723505158613285,0.6707588260221528,0.0024878987991265645,0.1854977662497757,0.4
zz,rotation_only,10,8,circular,0,noiseless,0.027288519626075924,0.7689032502897046,0.022812175956591116,0.18372700460615582,0.4
zz,rotation_only,10,8,circular,1,noiseless,0.05735363511904183,0.7612330308989719,0.16075514060248375,0.18372700460615582,0.4
zz,rotation_only,10,8,circular,2,noiseless,8.740648201398857e-10,0.7577546409069551,0.003076589610444039,0.18372700460615582,0.4
zz,real_amplitudes,4,1,linear,0,noiseless,0.06712708140521696,0.5944321321247716,0.06561938903656074,0.20020357316505172,0.4
zz,real_amplitudes,4,1,linear,1,noiseless,0.1037028534785211,0.5998136164134654,0.1300857120153164,0.20020357316505172,0.4
zz,real_amplitudes,4,1,linear,2,noiseless,0.06924147259721905,0.6053654763884098,0.06744542881753271,0.20020357316505172,0.4
zz,real_amplitudes,4,1,circular,0,noiseless,0.05764661414110803,0.7148930876138212,0.0162449565864479,0.195818474874962,0.4
zz,real_amplitudes,4,1,circular,1,noiseless,0.04719935984257767,0.7119189757220405,0.053700817345580146,0.195818474874962,0.4
zz,real_amplitudes,4,1,circular,2,noiseless,0.07033654523779222,0.7229709836607201,0.04746975153765381,0.195818474874962,0.4
zz,real_amplitudes,4,8,linear,0,noiseless,0.12194015017254817,0.5424908030892577,0.02732686781912149,0.22341684009863036,0.4
zz,real_amplitudes,4,8,linear,1,noiseless,0.08530189893965846,0.5608620696841294,0.03397080297306582,0.22341684009863036,0.4
zz,real_amplitudes,4,8,linear,2,noiseless,0.06966104344747122,0.5432307817909483,0.018908984949094532,0.22341684009863036,0.4
zz,real_amplitudes,4,8,circular,0,noiseless,0.06013526818253211,0.6803740956932961,0.03658604501742786,0.19945813617857117,0.4
zz,real_amplitudes,4,8,circular,1,noiseless,0.06395585423237066,0.6599663100360673,0.026318409027856905,0.19945813617857117,0.4
zz,real_amplitudes,4,8,circular,2,noiseless,0.06709894173651687,0.6641151711138272,0.040136390085180905,0.19945813617857117,0.4
zz,real_amplitudes,10,1,linear,0,noiseless,0.05735363511904183,0.6675810516120031,0.07125221232665387,0.18327547169787542,0.4
zz,real_amplitudes,10,1,linear,1,noiseless,8.740648201398857e-10,0.6723186349494558,0.13362456201701967,0.18327547169787542,0.4
zz,real_amplitudes,10,1,linear,2,noiseless,0.09716592002621112,0.6740164220291649,0.07022603809325446,0.18327547169787542,0.4
zz,real_amplitudes,10,1,circular,0,noiseless,0.05735363511904183,0.713858551405094,0.023945113594842214,0.18323917048649144,0.4
zz,real_amplitudes,10,1,circular,1,noiseless,8.740648201398857e-10,0.7189991066368836,0.06827472366059033,0.18323917048649144,0.4
zz,real_amplitudes,10,1,circular,2,noiseless,0.05735363511904183,0.7248149429612052,0.062190666434860195,0.18323917048649144,0.4
zz,real_amplitudes,10,8,linear,0,noiseless,0.027288519626075924,0.6899865980588504,0.003340795386060401,0.1854977662497757,0.4
zz,real_amplitudes,10,8,linear,1,noiseless,0.08846926296649268,0.6885292929473243,0.011124400201059648,0.1854977662497757,0.4
zz,real_amplitudes,10,8,linear,2,noiseless,0.12723505158613285,0.6707588260221528,0.002681771646721949,0.1854977662497757,0.4
zz,real_amplitudes,10,8,circular,0,noiseless,0.027288519626075924,0.7689032502897046,0.00047914552673215994,0.18372700460615582,0.4
zz,real_amplitudes,10,8,circular,1,noiseless,0.05735363511904183,0.7612330308989719,0.0004943867723267234,0.18372700460615582,0.4
zz,real_amplitudes,10,8,circular,2,noiseless,8.740648201398857e-10,0.7577546409069551,0.0004367011266214709,0.18372700460615582,0.4
local_z,rotation_only,4,1,linear,0,noiseless,0.6919599044087031,2.674527266322002e-15,0.4145862637130503,0.1949855334643887,0.5333333333333333
local_z,rotation_only,4,1,linear,1,noiseless,0.6392728033209696,2.7200464103316335e-15,0.2291142167890223,0.1949855334643887,0.5333333333333333
local_z,rotation_only,4,1,linear,2,noiseless,0.6002207168053445,2.687849942617504e-15,0.24415107885200343,0.1949855334643887,0.5333333333333333
local_z,rotation_only,4,1,circular,0,noiseless,0.6919599044087031,2.674527266322002e-15,0.4145862637130503,0.1949855334643887,0.5333333333333333
local_z,rotation_only,4,1,circular,1,noiseless,0.6392728033209696,2.7200464103316335e-15,0.2291142167890223,0.1949855334643887,0.5333333333333333
local_z,rotation_only,4,1,circular,2,noiseless,0.6002207168053445,2.687849942617504e-15,0.24415107885200343,0.1949855334643887,0.5333333333333333
local_z,rotation_only,4,8,linear,0,noiseless,0.5990193470024479,2.2256640974660513e-14,0.48515889853653327,0.21425963023092265,0.4
local_z,rotation_only,4,8,linear,1,noiseless,0.5528336679523429,2.2762902673889585e-14,0.31284485579003596,0.21425963023092265,0.4
local_z,rotation_only,4,8,linear,2,noiseless,0.6915659224924395,2.2416513090206535e-14,0.3277398278284491,0.21425963023092265,0.4
local_z,rotation_only,4,8,circular,0,noiseless,0.5990193470024479,2.2256640974660513e-14,0.48515889853653327,0.21425963023092265,0.4
local_z,rotation_only,4,8,circular,1,noiseless,0.5528336679523429,2.2762902673889585e-14,0.31284485579003596,0.21425963023092265,0.4
local_z,rotation_only,4,8,circular,2,noiseless,0.6915659224924395,2.2416513090206535e-14,0.3277398278284491,0.21425963023092265,0.4
local_z,rotation_only,10,1,linear,0,noiseless,0.21834682544405137,6.167288901792744e-15,0.4205367260184058,0.18205511461837098,0.4
local_z,rotation_only,10,1,linear,1,noiseless,0.3596627139939541,6.333822355486518e-15,0.24124525358917512,0.18205511461837098,0.4
local_z,rotation_only,10,1,linear,2,noiseless,0.14065692245246147,6.202816038580749e-15,0.26572817621435,0.18205511461837098,0.4
local_z,rotation_only,10,1,circular,0,noiseless,0.21834682544405137,6.167288901792744e-15,0.4205367260184058,0.18205511461837098,0.4
local_z,rotation_only,10,1,circular,1,noiseless,0.3596627139939541,6.333822355486518e-15,0.24124525358917512,0.18205511461837098,0.4
local_z,rotation_only,10,1,circular,2,noiseless,0.14065692245246147,6.202816038580749e-15,0.26572817621435,0.18205511461837098,0.4
local_z,rotation_only,10,8,linear,0,noiseless,2.909183880435613,5.5663251785631474e-14,0.4867247436601523,0.18457028667913633,0.4
local_z,rotation_only,10,8,linear,1,noiseless,3.0189789050817133,5.592748486549226e-14,0.31301958094745674,0.18457028667913633,0.4
local_z,rotation_only,10,8,linear,2,noiseless,2.5858704364053056,5.546896275632207e-14,0.38561838534991916,0.18457028667913633,0.4
local_z,rotation_only,10,8,circular,0,noiseless,2.909183880435613,5.5663251785631474e-14,0.4867247436601523,0.18457028667913633,0.4
local_z,rotation_only,10,8,circular,1,noiseless,3.0189789050817133,5.592748486549226e-14,0.31301958094745674,0.18457028667913633,0.4
local_z,rotation_only,10,8,circular,2,noiseless,2.5858704364053056,5.546896275632207e-14,0.38561838534991916,0.18457028667913633,0.4
local_z,real_amplitudes,4,1,linear,0,noiseless,0.6919599044087031,2.674527266322002e-15,0.30589062822404217,0.1949855334643887,0.5333333333333333
local_z,real_amplitudes,4,1,linear,1,noiseless,0.6392728033209696,2.7200464103316335e-15,0.11463959485533291,0.1949855334643887,0.5333333333333333
local_z,real_amplitudes,4,1,linear,2,noiseless,0.6002207168053445,2.687849942617504e-15,0.19068154499686696,0.1949855334643887,0.5333333333333333
local_z,real_amplitudes,4,1,circular,0,noiseless,0.6919599044087031,2.674527266322002e-15,0.08710560411384705,0.1949855334643887,0.5333333333333333
local_z,real_amplitudes,4,1,circular,1,noiseless,0.6392728033209696,2.7200464103316335e-15,0.011593232751420369,0.1949855334643887,0.5333333333333333
local_z,real_amplitudes,4,1,circular,2,noiseless,0.6002207168053445,2.687849942617504e-15,0.06290771779434527,0.1949855334643887,0.5333333333333333
local_z,real_amplitudes,4,8,linear,0,noiseless,0.5990193470024479,2.2256640974660513e-14,0.038527254346910435,0.21425963023092265,0.4
local_z,real_amplitudes,4,8,linear,1,noiseless,0.5528336679523429,2.2762902673889585e-14,0.024319899939083043,0.21425963023092265,0.4
local_z,real_amplitudes,4,8,linear,2,noiseless,0.6915659224924395,2.2416513090206535e-14,0.04323313021854149,0.21425963023092265,0.4
local_z,real_amplitudes,4,8,circular,0,noiseless,0.5990193470024479,2.2256640974660513e-14,0.03383952218774253,0.21425963023092265,0.4
local_z,real_amplitudes,4,8,circular,1,noiseless,0.5528336679523429,2.2762902673889585e-14,0.023458164512099103,0.21425963023092265,0.4
local_z,real_amplitudes,4,8,circular,2,noiseless,0.6915659224924395,2.2416513090206535e-14,0.032772216920848675,0.21425963023092265,0.4
local_z,real_amplitudes,10,1,linear,0,noiseless,0.21834682544405137,6.167288901792744e-15,0.2980656385635061,0.18205511461837098,0.4
local_z,real_amplitudes,10,1,linear,1,noiseless,0.3596627139939541,6.333822355486518e-15,0.13657261564221954,0.18205511461837098,0.4
local_z,real_amplitudes,10,1,linear,2,noiseless,0.14065692245246147,6.202816038580749e-15,0.19048869665698695,0.18205511461837098,0.4
local_z,real_amplitudes,10,1,circular,0,noiseless,0.21834682544405137,6.167288901792744e-15,0.15750261970760943,0.18205511461837098,0.4
local_z,real_amplitudes,10,1,circular,1,noiseless,0.3596627139939541,6.333822355486518e-15,0.005509311619477335,0.18205511461837098,0.4
local_z,real_amplitudes,10,1,circular,2,noiseless,0.14065692245246147,6.202816038580749e-15,0.0692282826803668,0.18205511461837098,0.4
local_z,real_amplitudes,10,8,linear,0,noiseless,2.909183880435613,5.5663251785631474e-14,0.015517811136818792,0.18457028667913633,0.4
local_z,real_amplitudes,10,8,linear,1,noiseless,3.0189789050817133,5.592748486549226e-14,0.010156044452340706,0.18457028667913633,0.4
local_z,real_amplitudes,10,8,linear,2,noiseless,2.5858704364053056,5.546896275632207e-14,0.012672594844067728,0.18457028667913633,0.4
local_z,real_amplitudes,10,8,circular,0,noiseless,2.909183880435613,5.5663251785631474e-14,0.0005822877597861338,0.18457028667913633,0.4
local_z,real_amplitudes,10,8,circular,1,noiseless,3.0189789050817133,5.592748486549226e-14,0.0002941270626175541,0.18457028667913633,0.4
local_z,real_amplitudes,10,8,circular,2,noiseless,2.5858704364053056,5.546896275632207e-14,0.00045667722884086147,0.18457028667913633,0.4
cx_ry,rotation_only,4,1,linear,0,noiseless,0.5771422388841538,0.44694940269256883,0.03931197720044068,0.3714858423623112,0.6666666666666666
cx_ry,rotation_only,4,1,linear,1,noiseless,0.4514601284199195,0.4598880676237277,0.22861388814582234,0.3714858423623112,0.6666666666666666
cx_ry,rotation_only,4,1,linear,2,noiseless,0.7082145200951898,0.4503102495060608,0.07899809337928593,0.3714858423623112,0.6666666666666666
cx_ry,rotation_only,4,1,circular,0,noiseless,0.5771422388841538,0.6345220773185677,0.2501013831550084,0.3714858423623113,0.6666666666666666
cx_ry,rotation_only,4,1,circular,1,noiseless,0.4514601284199195,0.632888562220324,0.21995875098780332,0.3714858423623113,0.6666666666666666
cx_ry,rotation_only,4,1,circular,2,noiseless,0.7082145200951898,0.6503581469887751,0.012344960321114574,0.3714858423623113,0.6666666666666666
cx_ry,rotation_only,4,8,linear,0,noiseless,0.24954991951313243,0.6651037236148225,0.07932429889701167,0.15438738078793077,0.4
cx_ry,rotation_only,4,8,linear,1,noiseless,0.2290754303092396,0.6770165043134488,0.013785578970708263,0.15438738078793077,0.4
cx_ry,rotation_only,4,8,linear,2,noiseless,0.22912717237842817,0.6758990122195135,0.27955856420194614,0.15438738078793077,0.4
cx_ry,rotation_only,4,8,circular,0,noiseless,0.17692794098735654,0.758513734520982,0.002504894341677913,0.27203253360291774,0.5333333333333333
cx_ry,rotation_only,4,8,circular,1,noiseless,0.10674715846543417,0.7588371625245663,0.15287317655892316,0.27203253360291774,0.5333333333333333
cx_ry,rotation_only,4,8,circular,2,noiseless,0.1272375620116824,0.7691879891256775,0.05614732675380044,0.27203253360291774,0.5333333333333333
cx_ry,rotation_only,10,1,linear,0,noiseless,0.24628223869223198,0.6193218498444041,0.035013667274026494,0.20019508581723075,0.4
cx_ry,rotation_only,10,1,linear,1,noiseless,0.943422382401399,0.6219883911912172,0.21305119473516584,0.20019508581723075,0.4
cx_ry,rotation_only,10,1,linear,2,noiseless,0.6935542793853388,0.6353560936499071,0.07376284627706375,0.20019508581723075,0.4
cx_ry,rotation_only,10,1,circular,0,noiseless,0.24628223869223198,0.7132562665236614,0.01419390266760756,0.20019508581723078,0.4
cx_ry,rotation_only,10,1,circular,1,noiseless,0.943422382401399,0.7090972018817367,0.15309485338082549,0.20019508581723078,0.4
cx_ry,rotation_only,10,1,circular,2,noiseless,0.6935542793853388,0.7225076950006476,0.005780775422848381,0.20019508581723078,0.4
cx_ry,rotation_only,10,8,linear,0,noiseless,8.740648201398857e-10,0.9497127046448622,0.038875240795728405,0.18336627775125663,0.4
cx_ry,rotation_only,10,8,linear,1,noiseless,8.740648201398857e-10,0.9492340084543466,0.011746199334004382,0.18336627775125663,0.4
cx_ry,rotation_only,10,8,linear,2,noiseless,8.740648201398857e-10,0.950288839027598,0.0035945611332530015,0.18336627775125663,0.4
cx_ry,rotation_only,10,8,circular,0,noiseless,8.740648201398857e-10,0.9926822943823594,0.005740571430299094,0.18334435757375245,0.4
cx_ry,rotation_only,10,8,circular,1,noiseless,8.740648201398857e-10,0.992922494451227,0.002598347375796904,0.18334435757375245,0.4
cx_ry,rotation_only,10,8,circular,2,noiseless,8.740648201398857e-10,0.9930032375045614,0.0005341852194748779,0.18334435757375245,0.4
cx_ry,real_amplitudes,4,1,linear,0,noiseless,0.5771422388841538,0.44694940269256883,0.13485213497376222,0.3714858423623112,0.6666666666666666
cx_ry,real_amplitudes,4,1,linear,1,noiseless,0.4514601284199195,0.4598880676237277,0.22602533104109873,0.3714858423623112,0.6666666666666666
cx_ry,real_amplitudes,4,1,linear,2,noiseless,0.7082145200951898,0.4503102495060608,0.27785755296374925,0.3714858423623112,0.6666666666666666
cx_ry,real_amplitudes,4,1,circular,0,noiseless,0.5771422388841538,0.6345220773185677,0.07166638346019968,0.3714858423623113,0.6666666666666666
cx_ry,real_amplitudes,4,1,circular,1,noiseless,0.4514601284199195,0.632888562220324,0.13392642621319514,0.3714858423623113,0.6666666666666666
cx_ry,real_amplitudes,4,1,circular,2,noiseless,0.7082145200951898,0.6503581469887751,0.19690106285311493,0.3714858423623113,0.6666666666666666
cx_ry,real_amplitudes,4,8,linear,0,noiseless,0.24954991951313243,0.6651037236148225,0.06235436009113494,0.15438738078793077,0.4
cx_ry,real_amplitudes,4,8,linear,1,noiseless,0.2290754303092396,0.6770165043134488,0.060804161372952435,0.15438738078793077,0.4
cx_ry,real_amplitudes,4,8,linear,2,noiseless,0.22912717237842817,0.6758990122195135,0.054719695618734375,0.15438738078793077,0.4
cx_ry,real_amplitudes,4,8,circular,0,noiseless,0.17692794098735654,0.758513734520982,0.04926466894246261,0.27203253360291774,0.5333333333333333
cx_ry,real_amplitudes,4,8,circular,1,noiseless,0.10674715846543417,0.7588371625245663,0.06007583280998057,0.27203253360291774,0.5333333333333333
cx_ry,real_amplitudes,4,8,circular,2,noiseless,0.1272375620116824,0.7691879891256775,0.057622231178507045,0.27203253360291774,0.5333333333333333
cx_ry,real_amplitudes,10,1,linear,0,noiseless,0.24628223869223198,0.6193218498444041,0.16501699931128602,0.20019508581723075,0.4
cx_ry,real_amplitudes,10,1,linear,1,noiseless,0.943422382401399,0.6219883911912172,0.2061599027539096,0.20019508581723075,0.4
cx_ry,real_amplitudes,10,1,linear,2,noiseless,0.6935542793853388,0.6353560936499071,0.2824570126678976,0.20019508581723075,0.4
cx_ry,real_amplitudes,10,1,circular,0,noiseless,0.24628223869223198,0.7132562665236614,0.13881194250314915,0.20019508581723078,0.4
cx_ry,real_amplitudes,10,1,circular,1,noiseless,0.943422382401399,0.7090972018817367,0.12941761516170902,0.20019508581723078,0.4
cx_ry,real_amplitudes,10,1,circular,2,noiseless,0.6935542793853388,0.7225076950006476,0.20314514709763157,0.20019508581723078,0.4
cx_ry,real_amplitudes,10,8,linear,0,noiseless,8.740648201398857e-10,0.9497127046448622,0.0015167665235383664,0.18336627775125663,0.4
cx_ry,real_amplitudes,10,8,linear,1,noiseless,8.740648201398857e-10,0.9492340084543466,0.0019162999648072846,0.18336627775125663,0.4
cx_ry,real_amplitudes,10,8,linear,2,noiseless,8.740648201398857e-10,0.950288839027598,0.001454382635970695,0.18336627775125663,0.4
cx_ry,real_amplitudes,10,8,circular,0,noiseless,8.740648201398857e-10,0.9926822943823594,0.0010121581699708187,0.18334435757375245,0.4
cx_ry,real_amplitudes,10,8,circular,1,noiseless,8.740648201398857e-10,0.992922494451227,0.0007960076241783796,0.18334435757375245,0.4
cx_ry,real_amplitudes,10,8,circular,2,noiseless,8.740648201398857e-10,0.9930032375045614,0.0009096151987119372,0.18334435757375245,0.4
